{"cameraMode":{"drawMode":0,"name":"Shaded","section":"Shading Mode"},"sceneLighting":true,"audioPlay":false,"sceneViewState":{"showFog":true,"showMaterialUpdate":false,"showSkybox":true,"showFlares":true,"showImageEffects":true,"showParticleSystems":true},"in2DMode":false,"pivot":{"x":3.248331069946289,"y":0.9721050262451172,"z":-1.2691421508789063},"rotation":{"x":-0.10049698501825333,"y":0.8669412732124329,"z":-0.194602370262146,"w":-0.4477088153362274},"size":29.932580947875978,"orthographic":false}