{"cameraMode":{"drawMode":0,"name":"Shaded","section":"Shading Mode"},"sceneLighting":true,"audioPlay":false,"sceneViewState":{"showFog":true,"showMaterialUpdate":false,"showSkybox":true,"showFlares":true,"showImageEffects":true,"showParticleSystems":true},"in2DMode":false,"pivot":{"x":-0.5803585052490234,"y":-3.8973379135131838,"z":2.4429244995117189},"rotation":{"x":-0.04619849845767021,"y":0.9505226016044617,"z":-0.17296798527240754,"w":-0.25387904047966006},"size":16.65978240966797,"orthographic":false}