{"cameraMode":{"drawMode":0,"name":"Shaded","section":"Shading Mode"},"sceneLighting":true,"audioPlay":false,"sceneViewState":{"showFog":true,"showMaterialUpdate":false,"showSkybox":true,"showFlares":true,"showImageEffects":true,"showParticleSystems":true},"in2DMode":false,"pivot":{"x":-10.029409408569336,"y":6.808715343475342,"z":-18.876564025878908},"rotation":{"x":0.14520803093910218,"y":0.2335926741361618,"z":-0.035304129123687747,"w":0.9607823491096497},"size":6.034533500671387,"orthographic":false}