{"cameraMode":{"drawMode":0,"name":"Shaded","section":"Shading Mode"},"sceneLighting":false,"audioPlay":false,"sceneViewState":{"showFog":true,"showMaterialUpdate":false,"showSkybox":false,"showFlares":true,"showImageEffects":true,"showParticleSystems":true},"in2DMode":false,"pivot":{"x":-0.44999998807907107,"y":-0.44999998807907107,"z":-0.44999998807907107},"rotation":{"x":-0.22991101443767548,"y":-0.2674017548561096,"z":0.06586452573537827,"w":-0.9334340691566467},"size":0.20912456512451173,"orthographic":true}