{"cameraMode":{"drawMode":0,"name":"Shaded","section":"Shading Mode"},"sceneLighting":true,"audioPlay":false,"sceneViewState":{"showFog":true,"showMaterialUpdate":false,"showSkybox":true,"showFlares":true,"showImageEffects":true,"showParticleSystems":true},"in2DMode":false,"pivot":{"x":-89.78034973144531,"y":-15.714111328125,"z":-45.539283752441409},"rotation":{"x":0.009324740618467331,"y":-0.988337516784668,"z":0.13606807589530946,"w":0.06773074716329575},"size":280.7590637207031,"orthographic":false}