{"cameraMode":{"drawMode":0,"name":"Shaded","section":"Shading Mode"},"sceneLighting":true,"audioPlay":false,"sceneViewState":{"showFog":true,"showMaterialUpdate":false,"showSkybox":true,"showFlares":true,"showImageEffects":true,"showParticleSystems":true},"in2DMode":false,"pivot":{"x":-0.19237709045410157,"y":0.6872434616088867,"z":0.8116874694824219},"rotation":{"x":0.15544526278972627,"y":0.5023911595344544,"z":-0.09236189723014832,"w":0.8455230593681336},"size":16.553285598754884,"orthographic":false}