{"cameraMode":{"drawMode":0,"name":"Shaded","section":"Shading Mode"},"sceneLighting":false,"audioPlay":false,"sceneViewState":{"showFog":true,"showMaterialUpdate":false,"showSkybox":false,"showFlares":true,"showImageEffects":true,"showParticleSystems":true},"in2DMode":false,"pivot":{"x":-0.03050476312637329,"y":0.1346968412399292,"z":0.032068878412246707},"rotation":{"x":-0.011296123266220093,"y":0.3972923457622528,"z":-0.00489084143191576,"w":-0.9176095724105835},"size":0.45788389444351199,"orthographic":false}