{"cameraMode":{"drawMode":0,"name":"Shaded","section":"Shading Mode"},"sceneLighting":false,"audioPlay":false,"sceneViewState":{"showFog":true,"showMaterialUpdate":false,"showSkybox":false,"showFlares":true,"showImageEffects":true,"showParticleSystems":true},"in2DMode":false,"pivot":{"x":-32.10997772216797,"y":-50.70286560058594,"z":-66.73981475830078},"rotation":{"x":0.08460254967212677,"y":-0.9153106212615967,"z":0.2849549949169159,"w":0.27175283432006838},"size":118.41642761230469,"orthographic":false}