{"cameraMode":{"drawMode":0,"name":"Shaded","section":"Shading Mode"},"sceneLighting":true,"audioPlay":false,"sceneViewState":{"showFog":true,"showMaterialUpdate":false,"showSkybox":true,"showFlares":true,"showImageEffects":true,"showParticleSystems":true},"in2DMode":false,"pivot":{"x":-1.402522087097168,"y":1.7206439971923829,"z":-3.6557235717773439},"rotation":{"x":0.09520810842514038,"y":-0.8753410577774048,"z":0.1923544555902481,"w":0.43325889110565188},"size":26.182588577270509,"orthographic":false}