{"cameraMode":{"drawMode":0,"name":"Shaded","section":"Shading Mode"},"sceneLighting":true,"audioPlay":false,"sceneViewState":{"showFog":true,"showMaterialUpdate":false,"showSkybox":true,"showFlares":true,"showImageEffects":true,"showParticleSystems":true},"in2DMode":false,"pivot":{"x":-7.22265625,"y":-0.43829345703125,"z":-8.5550537109375},"rotation":{"x":0.024317357689142228,"y":-0.7088025808334351,"z":0.02446308732032776,"w":0.7045631408691406},"size":58.5141716003418,"orthographic":true}